title,company,location,link
Postdoc research opportunity in unraveling earthquake cycle processes using InSAR and GNSS time-series analysis and inverse modeling,Jet Propulsion Laboratory,"Pasadena, CA",https://www.indeed.com/viewjob?jk=3967a10993f38953
"Intern, SWE, Machine Learning/Deep Learning, Behavior Prediction / Planner & Controls",Waymo,"Mountain View, CA",https://www.indeed.com/viewjob?jk=04bc93813b89827c
Grad Intern Data Scientist (Summer 2020),The Hershey Company,"Hershey, PA",https://www.indeed.com/viewjob?jk=317ac0432debc76d
Backend Engineer (Python/Django),Albert,"Los Angeles, CA",https://www.indeed.com/viewjob?jk=7a98bce5660297e3
Machine Learning Engineer,Saks Fifth Avenue,"New York, NY",https://www.indeed.com/viewjob?jk=ca34c249bb15687a
Data Analyst Intern,HP,"Palo Alto, CA",https://www.indeed.com/viewjob?jk=81008700f78f3c63
"Research Scientist, Experimental Quantum Computing",Google,"Santa Barbara, CA",https://www.indeed.com/viewjob?jk=375cbf2105de8339
Growth Analytics Intern,Esurance,"San Francisco, CA",https://www.indeed.com/viewjob?jk=45767fe3ae38d7c2
IoT Research & Development Intern,Hartford Steam Boiler,"Hartford, CT",https://www.indeed.com/viewjob?jk=f3a1dcdfe1628753
Emulation Engineer,Apple,"Santa Clara Valley, CA",https://www.indeed.com/viewjob?jk=d0eb028aca3ca02b
Entry Level Software Engineer,EchoStar,"San Diego, CA",https://www.indeed.com/viewjob?jk=baf6af8682d9d0e8
Robot Software SQA Intern,Brooks Automation,"Chelmsford, MA",https://www.indeed.com/viewjob?jk=e0bf18140d8384f2
Research Support - Programming and Data Analysis,Penn State University,"University Park, PA",https://www.indeed.com/viewjob?jk=9f15783b190db8a8
Data Science Summer Internship - Graduate Students,"Marsh & McLennan Companies, Inc.","New York, NY",https://www.indeed.com/viewjob?jk=5f13330d2aa5b51f
2020 Summer Data Science Intern,Atlassian,"Mountain View, CA",https://www.indeed.com/viewjob?jk=9d5c5a9136f95f2a
Information Technology Intern,Texas Instruments,"Richardson, TX",https://www.indeed.com/viewjob?jk=c1e6fa3796ce9c31
Bioinformatics Scientist,Thermo Fisher Scientific,"Santa Clara, CA",https://www.indeed.com/viewjob?jk=3ba351030f1d2591
Research Intern,Keysight Technologies,"Santa Clara, CA",https://www.indeed.com/viewjob?jk=f6abc880a83a1458
"Associate, Artificial Intelligence & Machine Learning",Penguin Random House LLC,"New York, NY",https://www.indeed.com/viewjob?jk=7008cfb576536c53
Software Test Specialist,IBM,"Atlanta, GA",https://www.indeed.com/viewjob?jk=a9725e130696bd24
"Test Analyst, World of Warcraft",Blizzard Entertainment,"Irvine, CA",https://www.indeed.com/viewjob?jk=0c08f4ece1e57efb
IN-20019 BI Analytics Intern,World Wildlife Fund,"Washington, DC",https://www.indeed.com/viewjob?jk=3aa592159ce0c6ba
Product Technology Engineering Intern - Vertica,Micro Focus,"Cambridge, MA",https://www.indeed.com/viewjob?jk=8bb866c1cd1e706d
Machine Learning Intern,Huntington Ingalls Industries (HII-MDIS),"Annapolis Junction, MD",https://www.indeed.com/viewjob?jk=f7f7268defcf4bd2
Intern - Firmware,Seagate Technology,"Shakopee, MN",https://www.indeed.com/viewjob?jk=1e0cc469f32b5ada
Software Engineer - Entry to Experienced Level (Multiple Locations,National Security Agency,"Fort Gordon, GA",https://www.indeed.com/viewjob?jk=960340fc1d5da745
"Software Engineer, Python",TrueAccord,"San Francisco, CA",https://www.indeed.com/viewjob?jk=e90755b2b157c384
"Intern, Data Science - Irvine, CA (Summer 2020)",CalAmp,"Irvine, CA",https://www.indeed.com/viewjob?jk=9887198277b281bf
Software Engineering Intern (Graphics),Higharc,"Durham, NC",https://www.indeed.com/viewjob?jk=f212f9416d95235b
Siri Knowledge Full Stack Engineer,Apple,"Santa Clara Valley, CA",https://www.indeed.com/viewjob?jk=fc1df29d47e51683
Python Developer,CAPCO,"Houston, TX",https://www.indeed.com/viewjob?jk=fb0a6ed1f40c5d83
Python Developer,Q2ebanking,"Austin, TX",https://www.indeed.com/viewjob?jk=c883e00b9729c987
Sr. Machine Learning Engineer - Home Timeline,Twitter,"San Francisco, CA",https://www.indeed.com/viewjob?jk=a20851a36ee4fed8
Computer Programming / SAS / Python Programming,NC Virtual Public School,"Raleigh, NC",https://www.indeed.com/viewjob?jk=ec3a541994532b1e
Automation Engineer Intern,Facebook,"Menlo Park, CA",https://www.indeed.com/viewjob?jk=efc380005f439947
Mobile Ethical Hacker,United Airlines Inc.,"Chicago, IL",https://www.indeed.com/viewjob?jk=20c70ab7042e3da3
Software Engineer Intern,Fluke,"Everett, WA",https://www.indeed.com/viewjob?jk=4af6eaa84c23a443
Software Engineer,Dropbox,"Mountain View, CA",https://www.indeed.com/viewjob?jk=ee5bac90b02f94fe
Computational Biologist I - The Scott Lowe Lab,Memorial Sloan Kettering,"New York, NY",https://www.indeed.com/viewjob?jk=03857226fd854e53
"Security Engineer Intern, eCrime",Facebook,"Menlo Park, CA",https://www.indeed.com/viewjob?jk=aa795a77ebee495c
Python Engineer,Mintel,"Chicago, IL",https://www.indeed.com/viewjob?jk=c6e900c38671107f
Python Developer,RiskSpan,"Tysons Corner, VA",https://www.indeed.com/viewjob?jk=490967eea546876d
"Machine Learning Infrastructure Engineer, Autopilot",Tesla,"Palo Alto, CA",https://www.indeed.com/viewjob?jk=a6d9aa5d681afa5d
Coastal Scientist and Modeler,Lynker Technologies,"Tuscaloosa, AL",https://www.indeed.com/viewjob?jk=d43443a2147d1015
Software Engineer,Google,"New York, NY",https://www.indeed.com/viewjob?jk=e9b265a9f320f9e5
Entry Level H&H Engineer,AECOM,"Greenwood Village, CO",https://www.indeed.com/viewjob?jk=dcea752b911bbd81
JR. Java Developer,Plasma Computing Group,"Dallas, TX",https://www.indeed.com/viewjob?jk=efe5c89cdbcb3dab
"Backend Node.js / Python Developer Atlanta, GA",MESHFORE,"Atlanta, GA",https://www.indeed.com/viewjob?jk=0a5b75e4045610ce
"Cyber DevOps - Full Stack Developer - Python, Javascript",BAE Systems,"Reston, VA",https://www.indeed.com/viewjob?jk=6ac03d5e96ed7d21
Quantitative Researcher,State Street,"Burlington, MA",https://www.indeed.com/viewjob?jk=9776b02c82432763
